Field,Area,Category,URL
Social Science,Accounting Research Network ,Accounting Research Centers Papers,https://papers.ssrn.com/sol3/JELJOUR_Results.cfm?form_name=journalBrowse&journal_id=262644&page=1
Social Science,Accounting Research Network ,ARN Conferences & Meetings,https://papers.ssrn.com/sol3/JELJOUR_Results.cfm?form_name=journalBrowse&journal_id=231979&page=1
Social Science,Accounting Research Network ,ARN Partners in Publishing Journals,https://papers.ssrn.com/sol3/JELJOUR_Results.cfm?form_name=journalBrowse&journal_id=306131&page=1
Social Science,Accounting Research Network ,Accounting - Disclosure eJournal,https://papers.ssrn.com/sol3/JELJOUR_Results.cfm?form_name=journalBrowse&journal_id=4748159&page=1
Social Science,Accounting Research Network ,Accounting Education eJournal,https://papers.ssrn.com/sol3/JELJOUR_Results.cfm?form_name=journalBrowse&journal_id=92453&page=1
Social Science,Accounting Research Network ,Accounting Technology & Information Systems eJournal,https://papers.ssrn.com/sol3/JELJOUR_Results.cfm?form_name=journalBrowse&journal_id=1155175&page=1
Social Science,Accounting Research Network ,Accounting Theory - Analytical Models eJournal,https://papers.ssrn.com/sol3/JELJOUR_Results.cfm?form_name=journalBrowse&journal_id=1766229&page=1
Social Science,Accounting Research Network ,"Accounting, Corporate Governance, Law & Institutions eJournal",https://papers.ssrn.com/sol3/JELJOUR_Results.cfm?form_name=journalBrowse&journal_id=1155181&page=1
Social Science,Accounting Research Network ,Applied Accounting - Practitioner eJournal,https://papers.ssrn.com/sol3/JELJOUR_Results.cfm?form_name=journalBrowse&journal_id=1155182&page=1
Social Science,Accounting Research Network ,Auditing eJournal,https://papers.ssrn.com/sol3/JELJOUR_Results.cfm?form_name=journalBrowse&journal_id=2370181&page=1
Social Science,Accounting Research Network ,"Auditing, Litigation & Tax eJournal, Archives of Vols. 1-5, 2009-13",https://papers.ssrn.com/sol3/JELJOUR_Results.cfm?form_name=journalBrowse&journal_id=1475467&page=1
Social Science,Accounting Research Network ,Behavioral & Experimental Accounting eJournal,https://papers.ssrn.com/sol3/JELJOUR_Results.cfm?form_name=journalBrowse&journal_id=1475468&page=1
Social Science,Accounting Research Network ,"Demographics, Gender & Diversity in Accounting eJournal",https://papers.ssrn.com/sol3/JELJOUR_Results.cfm?form_name=journalBrowse&journal_id=1155183&page=1
Social Science,Accounting Research Network ,Financial Accounting eJournal,https://papers.ssrn.com/sol3/JELJOUR_Results.cfm?form_name=journalBrowse&journal_id=1508710&page=1
Social Science,Accounting Research Network ,Forensic Accounting eJournal,https://papers.ssrn.com/sol3/JELJOUR_Results.cfm?form_name=journalBrowse&journal_id=1155169&page=1
Social Science,Accounting Research Network ,Governmental & Nonprofit Accounting eJournal,https://papers.ssrn.com/sol3/JELJOUR_Results.cfm?form_name=journalBrowse&journal_id=1155174&page=1
Social Science,Accounting Research Network ,History of Accounting eJournal,https://papers.ssrn.com/sol3/JELJOUR_Results.cfm?form_name=journalBrowse&journal_id=1155177&page=1
Social Science,Accounting Research Network ,International Accounting eJournal,https://papers.ssrn.com/sol3/JELJOUR_Results.cfm?form_name=journalBrowse&journal_id=1155159&page=1
Social Science,Accounting Research Network ,Managerial Accounting eJournal,https://papers.ssrn.com/sol3/JELJOUR_Results.cfm?form_name=journalBrowse&journal_id=1475470&page=1
Social Science,Accounting Research Network ,Research Methods & Methodology in Accounting eJournal,https://papers.ssrn.com/sol3/JELJOUR_Results.cfm?form_name=journalBrowse&journal_id=1155179&page=1
Social Science,Accounting Research Network ,Tax eJournal,https://papers.ssrn.com/sol3/JELJOUR_Results.cfm?form_name=journalBrowse&journal_id=2370232&page=1
Social Science,Anthropology & Archaeology Research Network,AARN Conferences & Meetings,https://papers.ssrn.com/sol3/JELJOUR_Results.cfm?form_name=journalBrowse&journal_id=2134421&page=1
Social Science,Anthropology & Archaeology Research Network,AARN First Look,https://papers.ssrn.com/sol3/JELJOUR_Results.cfm?form_name=journalBrowse&journal_id=3175102&page=1
Social Science,Anthropology & Archaeology Research Network,Anthropology of Agriculture & Nutrition eJournal,https://papers.ssrn.com/sol3/JELJOUR_Results.cfm?form_name=journalBrowse&journal_id=2136352&page=1
Social Science,Anthropology & Archaeology Research Network,Anthropology of Education eJournal,https://papers.ssrn.com/sol3/JELJOUR_Results.cfm?form_name=journalBrowse&journal_id=2136378&page=1
Social Science,Anthropology & Archaeology Research Network,"Anthropology of Kinship, Gender, the Body & Sexuality eJournal",https://papers.ssrn.com/sol3/JELJOUR_Results.cfm?form_name=journalBrowse&journal_id=4583389&page=1
Social Science,Anthropology & Archaeology Research Network,Anthropology of Peace & Violence eJournal,https://papers.ssrn.com/sol3/JELJOUR_Results.cfm?form_name=journalBrowse&journal_id=3131483&page=1
Social Science,Anthropology & Archaeology Research Network,"Anthropology of Race, Ethnicity & Indigenous People eJournal",https://papers.ssrn.com/sol3/JELJOUR_Results.cfm?form_name=journalBrowse&journal_id=4583387&page=1
Social Science,Anthropology & Archaeology Research Network,Anthropology of Religion eJournal,https://papers.ssrn.com/sol3/JELJOUR_Results.cfm?form_name=journalBrowse&journal_id=2136386&page=1
Social Science,Anthropology & Archaeology Research Network,Anthropology of Science & Technology Studies eJournal,https://papers.ssrn.com/sol3/JELJOUR_Results.cfm?form_name=journalBrowse&journal_id=4583393&page=1
Social Science,Anthropology & Archaeology Research Network,Archaeology eJournal,https://papers.ssrn.com/sol3/JELJOUR_Results.cfm?form_name=journalBrowse&journal_id=2134600&page=1
Social Science,Anthropology & Archaeology Research Network,Biology & Anthropology eJournal,https://papers.ssrn.com/sol3/JELJOUR_Results.cfm?form_name=journalBrowse&journal_id=2134991&page=1
Social Science,Anthropology & Archaeology Research Network,"Cultural Anthropology: History, Theory, Methods & Applications eJournal",https://papers.ssrn.com/sol3/JELJOUR_Results.cfm?form_name=journalBrowse&journal_id=2136301&page=1
Social Science,Anthropology & Archaeology Research Network,Economic Anthropology eJournal,https://papers.ssrn.com/sol3/JELJOUR_Results.cfm?form_name=journalBrowse&journal_id=3131446&page=1
Social Science,Anthropology & Archaeology Research Network,Environmental Anthropology eJournal,https://papers.ssrn.com/sol3/JELJOUR_Results.cfm?form_name=journalBrowse&journal_id=2136330&page=1
Social Science,Anthropology & Archaeology Research Network,"Legal Anthropology eJournal, Archives of Vols. 1-3, 2016-18",https://papers.ssrn.com/sol3/JELJOUR_Results.cfm?form_name=journalBrowse&journal_id=2412359&page=1
Social Science,Anthropology & Archaeology Research Network,Legal Anthropology: Criminal Law eJournal,https://papers.ssrn.com/sol3/JELJOUR_Results.cfm?form_name=journalBrowse&journal_id=3137796&page=1
Social Science,Anthropology & Archaeology Research Network,Legal Anthropology: Family Law eJournal,https://papers.ssrn.com/sol3/JELJOUR_Results.cfm?form_name=journalBrowse&journal_id=3137808&page=1
Social Science,Anthropology & Archaeology Research Network,Legal Anthropology: Law in Global Context eJournal,https://papers.ssrn.com/sol3/JELJOUR_Results.cfm?form_name=journalBrowse&journal_id=3137855&page=1
Social Science,Anthropology & Archaeology Research Network,Legal Anthropology: Laws & Constitutions eJournal,https://papers.ssrn.com/sol3/JELJOUR_Results.cfm?form_name=journalBrowse&journal_id=3137822&page=1
Social Science,Anthropology & Archaeology Research Network,Legal Anthropology: The Legal Profession eJournal,https://papers.ssrn.com/sol3/JELJOUR_Results.cfm?form_name=journalBrowse&journal_id=3137858&page=1
Social Science,Anthropology & Archaeology Research Network,Linguistic Anthropology eJournal,https://papers.ssrn.com/sol3/JELJOUR_Results.cfm?form_name=journalBrowse&journal_id=2135052&page=1
Social Science,Anthropology & Archaeology Research Network,Medical Anthropology eJournal,https://papers.ssrn.com/sol3/JELJOUR_Results.cfm?form_name=journalBrowse&journal_id=2136318&page=1
Social Science,Anthropology & Archaeology Research Network,"Migration, Urban & Transnational Anthropology eJournal",https://papers.ssrn.com/sol3/JELJOUR_Results.cfm?form_name=journalBrowse&journal_id=2136311&page=1
Social Science,Anthropology & Archaeology Research Network,Political Anthropology eJournal,https://papers.ssrn.com/sol3/JELJOUR_Results.cfm?form_name=journalBrowse&journal_id=2408870&page=1
Social Science,Anthropology & Archaeology Research Network,Psychological Anthropology eJournal,https://papers.ssrn.com/sol3/JELJOUR_Results.cfm?form_name=journalBrowse&journal_id=2136341&page=1
Social Science,Anthropology & Archaeology Research Network,"Visual Anthropology, Media Studies & Performance eJournal",https://papers.ssrn.com/sol3/JELJOUR_Results.cfm?form_name=journalBrowse&journal_id=4583391&page=1
Social Science,Cognitive Science Network,CSN Conferences & Meetings,https://papers.ssrn.com/sol3/JELJOUR_Results.cfm?form_name=journalBrowse&journal_id=1566941&page=1
Social Science,Cognitive Science Network,Biology & Cognitive Science eJournal,https://papers.ssrn.com/sol3/JELJOUR_Results.cfm?form_name=journalBrowse&journal_id=2878603&page=1
Social Science,Cognitive Science Network,"Cognition & Culture: Culture, Communication, Design, Ethics, Morality, Religion, Rhetoric, & Semiotics eJournal",https://papers.ssrn.com/sol3/JELJOUR_Results.cfm?form_name=journalBrowse&journal_id=1309643&page=1
Social Science,Cognitive Science Network,Cognition & the Arts eJournal,https://papers.ssrn.com/sol3/JELJOUR_Results.cfm?form_name=journalBrowse&journal_id=1309387&page=1
Social Science,Cognitive Science Network,"Cognition in Mathematics, Science, & Technology eJournal",https://papers.ssrn.com/sol3/JELJOUR_Results.cfm?form_name=journalBrowse&journal_id=1314038&page=1
Social Science,Cognitive Science Network,"Cognitive Linguistics: Cognition, Language, Gesture eJournal",https://papers.ssrn.com/sol3/JELJOUR_Results.cfm?form_name=journalBrowse&journal_id=1314047&page=1
Social Science,Cognitive Science Network,Cognitive Neuroscience eJournal,https://papers.ssrn.com/sol3/JELJOUR_Results.cfm?form_name=journalBrowse&journal_id=1314086&page=1
Social Science,Cognitive Science Network,Cognitive Science Negative Results eJournal,https://papers.ssrn.com/sol3/JELJOUR_Results.cfm?form_name=journalBrowse&journal_id=3043499&page=1
Social Science,Cognitive Science Network,Cognitive Social Science eJournal,https://papers.ssrn.com/sol3/JELJOUR_Results.cfm?form_name=journalBrowse&journal_id=1314106&page=1
Social Science,Cognitive Science Network,Human Cognition in Evolution & Development eJournal,https://papers.ssrn.com/sol3/JELJOUR_Results.cfm?form_name=journalBrowse&journal_id=1314112&page=1
Social Science,Cognitive Science Network,Law & Psychology eJournal,https://papers.ssrn.com/sol3/JELJOUR_Results.cfm?form_name=journalBrowse&journal_id=930224&page=1
Social Science,Cognitive Science Network,"Law, Brain & Behavior eJournal",https://papers.ssrn.com/sol3/JELJOUR_Results.cfm?form_name=journalBrowse&journal_id=1458116&page=1
Social Science,Communication Studies Research Network,CommRN Conferences & Meetings,https://papers.ssrn.com/sol3/JELJOUR_Results.cfm?form_name=journalBrowse&journal_id=3390516&page=1
Social Science,Communication Studies Research Network,CommRN Subject Matter eJournals,https://papers.ssrn.com/sol3/JELJOUR_Results.cfm?form_name=journalBrowse&journal_id=3390520&page=1
Social Science,Corporate Governance Network,Corporate Governance Research Centers Papers,https://papers.ssrn.com/sol3/JELJOUR_Results.cfm?form_name=journalBrowse&journal_id=1152069&page=1
Social Science,Corporate Governance Network,Corporate Governance & Accounting eJournal,https://papers.ssrn.com/sol3/JELJOUR_Results.cfm?form_name=journalBrowse&journal_id=1344841&page=1
Social Science,Corporate Governance Network,Corporate Governance & Economics eJournal,https://papers.ssrn.com/sol3/JELJOUR_Results.cfm?form_name=journalBrowse&journal_id=1344868&page=1
Social Science,Corporate Governance Network,Corporate Governance & Finance eJournal,https://papers.ssrn.com/sol3/JELJOUR_Results.cfm?form_name=journalBrowse&journal_id=1357632&page=1
Social Science,Corporate Governance Network,Corporate Governance & Law eJournal,https://papers.ssrn.com/sol3/JELJOUR_Results.cfm?form_name=journalBrowse&journal_id=1344875&page=1
Social Science,Corporate Governance Network,Corporate Governance & Management eJournal,https://papers.ssrn.com/sol3/JELJOUR_Results.cfm?form_name=journalBrowse&journal_id=1344849&page=1
Social Science,Corporate Governance Network,Corporate Governance & Psychology eJournal,https://papers.ssrn.com/sol3/JELJOUR_Results.cfm?form_name=journalBrowse&journal_id=1344859&page=1
Social Science,Corporate Governance Network,Corporate Governance Education eJournal,https://papers.ssrn.com/sol3/JELJOUR_Results.cfm?form_name=journalBrowse&journal_id=946638&page=1
Social Science,Corporate Governance Network,Corporate Governance Practice eJournal,https://papers.ssrn.com/sol3/JELJOUR_Results.cfm?form_name=journalBrowse&journal_id=1346809&page=1
Social Science,Corporate Governance Network,"Corporate Governance: Acquisitions, Mergers, Contests for Control, & Activism eJournal",https://papers.ssrn.com/sol3/JELJOUR_Results.cfm?form_name=journalBrowse&journal_id=1393983&page=1
Social Science,Corporate Governance Network,Corporate Governance: Actors & Players eJournal,https://papers.ssrn.com/sol3/JELJOUR_Results.cfm?form_name=journalBrowse&journal_id=1346036&page=1
Social Science,Corporate Governance Network,Corporate Governance: Arrangements & Laws eJournal,https://papers.ssrn.com/sol3/JELJOUR_Results.cfm?form_name=journalBrowse&journal_id=1346623&page=1
Social Science,Corporate Governance Network,"Corporate Governance: Bankruptcy, Financial Distress & Reorganization eJournal",https://papers.ssrn.com/sol3/JELJOUR_Results.cfm?form_name=journalBrowse&journal_id=1393994&page=1
Social Science,Corporate Governance Network,"Corporate Governance: Capital Raising, Investments, Distributions & Market Trading eJournal",https://papers.ssrn.com/sol3/JELJOUR_Results.cfm?form_name=journalBrowse&journal_id=1394379&page=1
Social Science,Corporate Governance Network,Corporate Governance: Comparative Studies eJournal,https://papers.ssrn.com/sol3/JELJOUR_Results.cfm?form_name=journalBrowse&journal_id=1346647&page=1
Social Science,Corporate Governance Network,Corporate Governance: Compensation of Executives & Directors eJournal,https://papers.ssrn.com/sol3/JELJOUR_Results.cfm?form_name=journalBrowse&journal_id=1396832&page=1
Social Science,Corporate Governance Network,"Corporate Governance: Disclosure, Internal Control & Risk-Management eJournal",https://papers.ssrn.com/sol3/JELJOUR_Results.cfm?form_name=journalBrowse&journal_id=1396856&page=1
Social Science,Corporate Governance Network,"Corporate Governance: Economic Consequences, History, Development & Methodology eJournal",https://papers.ssrn.com/sol3/JELJOUR_Results.cfm?form_name=journalBrowse&journal_id=1344904&page=1
Social Science,Corporate Governance Network,Corporate Governance: Governance of Special Types of Firms eJournal,https://papers.ssrn.com/sol3/JELJOUR_Results.cfm?form_name=journalBrowse&journal_id=1346527&page=1
Social Science,Corporate Governance Network,"Corporate Governance: Internal Governance, Organization & Processes eJournal",https://papers.ssrn.com/sol3/JELJOUR_Results.cfm?form_name=journalBrowse&journal_id=1396884&page=1
Social Science,Corporate Governance Network,Corporate Governance: International/Non-US eJournal,https://papers.ssrn.com/sol3/JELJOUR_Results.cfm?form_name=journalBrowse&journal_id=1346658&page=1
Social Science,Corporate Governance Network,Corporate Governance: Social Responsibility & Social Impact eJournal,https://papers.ssrn.com/sol3/JELJOUR_Results.cfm?form_name=journalBrowse&journal_id=1346794&page=1
Social Science,Corporate Governance Network,Corporate Reputation eJournal,https://papers.ssrn.com/sol3/JELJOUR_Results.cfm?form_name=journalBrowse&journal_id=2417403&page=1
Social Science,Corporate Governance Network,Other Corporate Governance eJournal,https://papers.ssrn.com/sol3/JELJOUR_Results.cfm?form_name=journalBrowse&journal_id=3074822&page=1
Social Science,Corporate Governance Network,Other Corporate Governance eJournal,https://papers.ssrn.com/sol3/JELJOUR_Results.cfm?form_name=journalBrowse&journal_id=3074822&page=1
Social Science,Criminal Justice Research Network ,CJRN Partners in Publishing Journals,https://papers.ssrn.com/sol3/JELJOUR_Results.cfm?form_name=journalBrowse&journal_id=3217656&page=1
Social Science,Criminal Justice Research Network ,CJRN Subject Matter eJournals,https://papers.ssrn.com/sol3/JELJOUR_Results.cfm?form_name=journalBrowse&journal_id=3217677&page=1
Social Science,Criminal Justice Research Network ,Criminal Justice Research Centers Papers,https://papers.ssrn.com/sol3/JELJOUR_Results.cfm?form_name=journalBrowse&journal_id=3217678&page=1
Social Science,Decision Science Research Network,Decision Neuroscience eJournal,https://papers.ssrn.com/sol3/JELJOUR_Results.cfm?form_name=journalBrowse&journal_id=3629884&page=1
Social Science,Decision Science Research Network,Decision Science Education eJournal,https://papers.ssrn.com/sol3/JELJOUR_Results.cfm?form_name=journalBrowse&journal_id=3629376&page=1
Social Science,Decision Science Research Network,Decision-Making & Management Science eJournal,https://papers.ssrn.com/sol3/JELJOUR_Results.cfm?form_name=journalBrowse&journal_id=3629388&page=1
Social Science,Decision Science Research Network,Decision-Making in Computational Design & Technology eJournal,https://papers.ssrn.com/sol3/JELJOUR_Results.cfm?form_name=journalBrowse&journal_id=3629796&page=1
Social Science,Decision Science Research Network,Decision-Making in Engineering eJournal,https://papers.ssrn.com/sol3/JELJOUR_Results.cfm?form_name=journalBrowse&journal_id=3629915&page=1
Social Science,Decision Science Research Network,Decision-Making in Operations Research eJournal,https://papers.ssrn.com/sol3/JELJOUR_Results.cfm?form_name=journalBrowse&journal_id=3629760&page=1
Social Science,Decision Science Research Network,Decision-Making in Public Policy & the Social Good eJournal,https://papers.ssrn.com/sol3/JELJOUR_Results.cfm?form_name=journalBrowse&journal_id=3629700&page=1
Social Science,Decision Science Research Network,Decision-Making Models & Tools eJournal,https://papers.ssrn.com/sol3/JELJOUR_Results.cfm?form_name=journalBrowse&journal_id=3629851&page=1
Social Science,Decision Science Research Network,Human Behavior & Game Theory eJournal,https://papers.ssrn.com/sol3/JELJOUR_Results.cfm?form_name=journalBrowse&journal_id=3629577&page=1
Social Science,Economics Research Network,Economics Departments Research Papers,https://papers.ssrn.com/sol3/JELJOUR_Results.cfm?form_name=journalBrowse&journal_id=219708&page=1
Social Science,Economics Research Network,Alfred P. Sloan Foundation Economic Research Paper Series,https://papers.ssrn.com/sol3/JELJOUR_Results.cfm?form_name=journalBrowse&journal_id=2249538&page=1
Social Science,Economics Research Network,American Institute for Economic Research Working Paper Series,https://papers.ssrn.com/sol3/JELJOUR_Results.cfm?form_name=journalBrowse&journal_id=3059103&page=1
Social Science,Economics Research Network,"BAFFI Centre on Economics, Finance & Regulation Research Paper Series",https://papers.ssrn.com/sol3/JELJOUR_Results.cfm?form_name=journalBrowse&journal_id=1099046&page=1
Social Science,Economics Research Network,Becker Friedman Institute for Economics Working Paper Series,https://papers.ssrn.com/sol3/JELJOUR_Results.cfm?form_name=journalBrowse&journal_id=1335291&page=1
Social Science,Economics Research Network,CEIS: Centre for Economic & International Studies Working Paper Series,https://papers.ssrn.com/sol3/JELJOUR_Results.cfm?form_name=journalBrowse&journal_id=352521&page=1
Social Science,Economics Research Network,Centro Studi Luca d'Agliano Research Paper Series,https://papers.ssrn.com/sol3/JELJOUR_Results.cfm?form_name=journalBrowse&journal_id=3280601&page=1
Social Science,Economics Research Network,CEPR Discussion Paper Series,https://papers.ssrn.com/sol3/JELJOUR_Results.cfm?form_name=journalBrowse&journal_id=223788&page=1
Social Science,Economics Research Network,CESifo Working Paper Series,https://papers.ssrn.com/sol3/JELJOUR_Results.cfm?form_name=journalBrowse&journal_id=254545&page=1
Social Science,Economics Research Network,Chicago Booth School of Business Economics Research Papers,https://papers.ssrn.com/sol3/JELJOUR_Results.cfm?form_name=journalBrowse&journal_id=4794905&page=1
Social Science,Economics Research Network,Euricse Working Paper Series,https://papers.ssrn.com/sol3/JELJOUR_Results.cfm?form_name=journalBrowse&journal_id=1600411&page=1
Social Science,Economics Research Network,European Stability Mechanism (ESM) Research Paper Series,https://papers.ssrn.com/sol3/JELJOUR_Results.cfm?form_name=journalBrowse&journal_id=2888292&page=1
Social Science,Economics Research Network,European Trade Union Institute (ETUI) Research Paper Series,https://papers.ssrn.com/sol3/JELJOUR_Results.cfm?form_name=journalBrowse&journal_id=2188735&page=1
Social Science,Economics Research Network,FEEM Working Paper Series,https://papers.ssrn.com/sol3/JELJOUR_Results.cfm?form_name=journalBrowse&journal_id=266659&page=1
Social Science,Economics Research Network,Free Market Institute at Texas Tech University Research Paper Series,https://papers.ssrn.com/sol3/JELJOUR_Results.cfm?form_name=journalBrowse&journal_id=3925557&page=1
Social Science,Economics Research Network,"Global Poverty Research Lab, Kellogg School of Management, Northwestern University Research Paper Series",https://papers.ssrn.com/sol3/JELJOUR_Results.cfm?form_name=journalBrowse&journal_id=3121299&page=1
Social Science,Economics Research Network,Gottlieb Duttweiler Institute Research Paper Series,https://papers.ssrn.com/sol3/JELJOUR_Results.cfm?form_name=journalBrowse&journal_id=4547070&page=1
Social Science,Economics Research Network,"Harvard Business School: Business, Government & the International Economy Unit Working Paper Series",https://papers.ssrn.com/sol3/JELJOUR_Results.cfm?form_name=journalBrowse&journal_id=1319773&page=1
Social Science,Economics Research Network,Hong Kong Institute for Monetary & Financial Research (HKIMR) Research Paper Series,https://papers.ssrn.com/sol3/JELJOUR_Results.cfm?form_name=journalBrowse&journal_id=4002748&page=1
Social Science,Economics Research Network,Hong Kong University Business School: HKU Jockey Club Enterprise Sustainability Global Research Institute Paper S...,https://papers.ssrn.com/sol3/JELJOUR_Results.cfm?form_name=journalBrowse&journal_id=4965133&page=1
Social Science,Economics Research Network,Institute for New Economic Thinking Working Paper Series,https://papers.ssrn.com/sol3/JELJOUR_Results.cfm?form_name=journalBrowse&journal_id=2565914&page=1
Social Science,Economics Research Network,IZA Institute of Labor Economics Discussion Paper Series,https://papers.ssrn.com/sol3/JELJOUR_Results.cfm?form_name=journalBrowse&journal_id=262872&page=1
Social Science,Economics Research Network,Korea Development Institute (KDI) Research Paper Series,https://papers.ssrn.com/sol3/JELJOUR_Results.cfm?form_name=journalBrowse&journal_id=2758896&page=1
Social Science,Economics Research Network,Korea Institute for Industrial Economics & Trade Research Paper Series,https://papers.ssrn.com/sol3/JELJOUR_Results.cfm?form_name=journalBrowse&journal_id=4163204&page=1
Social Science,Economics Research Network,Korea Institute for International Economic Policy (KIEP) Research Paper Series,https://papers.ssrn.com/sol3/JELJOUR_Results.cfm?form_name=journalBrowse&journal_id=2272302&page=1
Social Science,Economics Research Network,Max Planck Institute for Research on Collective Goods Research Paper Series,https://papers.ssrn.com/sol3/JELJOUR_Results.cfm?form_name=journalBrowse&journal_id=263669&page=1
Social Science,Economics Research Network,Max Planck Institute for Tax Law & Public Finance Research Paper Series,https://papers.ssrn.com/sol3/JELJOUR_Results.cfm?form_name=journalBrowse&journal_id=1710873&page=1
Social Science,Economics Research Network,Melbourne Institute: Applied Economic & Social Research Working Paper Series,https://papers.ssrn.com/sol3/JELJOUR_Results.cfm?form_name=journalBrowse&journal_id=1787251&page=1
Social Science,Economics Research Network,Mercatus Center Research Paper Series,https://papers.ssrn.com/sol3/JELJOUR_Results.cfm?form_name=journalBrowse&journal_id=2967547&page=1
Social Science,Economics Research Network,MIT Center for Real Estate Research Paper Series,https://papers.ssrn.com/sol3/JELJOUR_Results.cfm?form_name=journalBrowse&journal_id=3721537&page=1
Social Science,Economics Research Network,National Bureau of Economic Research (NBER) Series,https://papers.ssrn.com/sol3/JELJOUR_Results.cfm?form_name=journalBrowse&journal_id=4798440&page=1
Social Science,Economics Research Network,Peterson Institute for International Economics (PIIE) Research Paper Series,https://papers.ssrn.com/sol3/JELJOUR_Results.cfm?form_name=journalBrowse&journal_id=3282672&page=1
Social Science,Economics Research Network,"RAND Corporation Law, Labor, & Health Working Paper Series",https://papers.ssrn.com/sol3/JELJOUR_Results.cfm?form_name=journalBrowse&journal_id=1029628&page=1
Social Science,Economics Research Network,Research Institute of Industrial Economics (IFN) Research Paper Series,https://papers.ssrn.com/sol3/JELJOUR_Results.cfm?form_name=journalBrowse&journal_id=3280621&page=1
Social Science,Economics Research Network,Schulich School of Business Real Assets Research Paper Series,https://papers.ssrn.com/sol3/JELJOUR_Results.cfm?form_name=journalBrowse&journal_id=5143839&page=1
Social Science,Economics Research Network,US Patent & Trademark Office (USPTO) Economic Research Paper Series,https://papers.ssrn.com/sol3/JELJOUR_Results.cfm?form_name=journalBrowse&journal_id=2839538&page=1
Social Science,Economics Research Network,USC Center for Economic & Social Research Paper Series,https://papers.ssrn.com/sol3/JELJOUR_Results.cfm?form_name=journalBrowse&journal_id=2296180&page=1
Social Science,Economics Research Network,World Intellectual Property Organization (WIPO) Economic Research Paper Series,https://papers.ssrn.com/sol3/JELJOUR_Results.cfm?form_name=journalBrowse&journal_id=4228164&page=1
Social Science,Economics Research Network,WU International Taxation Research Paper Series,https://papers.ssrn.com/sol3/JELJOUR_Results.cfm?form_name=journalBrowse&journal_id=2146183&page=1
Social Science,Economics Research Network,ZEW - Leibniz Centre for European Economic Research Discussion Paper Series,https://papers.ssrn.com/sol3/JELJOUR_Results.cfm?form_name=journalBrowse&journal_id=1169842&page=1
Social Science,Economics Research Network,ERN Conferences & Meetings,https://papers.ssrn.com/sol3/JELJOUR_Results.cfm?form_name=journalBrowse&journal_id=231978&page=1
Social Science,Economics Research Network,ERN First Look,https://papers.ssrn.com/sol3/JELJOUR_Results.cfm?form_name=journalBrowse&journal_id=3175110&page=1
Social Science,Economics Research Network,ERN Government & Public Agency Research Paper Series,https://papers.ssrn.com/sol3/JELJOUR_Results.cfm?form_name=journalBrowse&journal_id=239893&page=1
Social Science,Economics Research Network,ERN Partners in Publishing Journals,https://papers.ssrn.com/sol3/JELJOUR_Results.cfm?form_name=journalBrowse&journal_id=291123&page=1
Social Science,Economics Research Network,"ERN Professional, Practitioner, & Policy Paper Series",https://papers.ssrn.com/sol3/JELJOUR_Results.cfm?form_name=journalBrowse&journal_id=758304&page=1
Social Science,Economics Research Network,ERN Public Policy Centers Research Papers,https://papers.ssrn.com/sol3/JELJOUR_Results.cfm?form_name=journalBrowse&journal_id=213508&page=1
Social Science,Economics Research Network,ERN Subject Matter eJournals,https://papers.ssrn.com/sol3/JELJOUR_Results.cfm?form_name=journalBrowse&journal_id=267349&page=1
Social Science,Education Research Network,Education Research Centers Papers,https://papers.ssrn.com/sol3/JELJOUR_Results.cfm?form_name=journalBrowse&journal_id=3118603&page=1
Social Science,Education Research Network,EduRN Conferences & Meetings,https://papers.ssrn.com/sol3/JELJOUR_Results.cfm?form_name=journalBrowse&journal_id=3118598&page=1
Social Science,Education Research Network,EduRN Partners in Publishing Journals,https://papers.ssrn.com/sol3/JELJOUR_Results.cfm?form_name=journalBrowse&journal_id=3118601&page=1
Social Science,Education Research Network,Education Research Negative Results eJournal,https://papers.ssrn.com/sol3/JELJOUR_Results.cfm?form_name=journalBrowse&journal_id=3122946&page=1
Social Science,Education Research Network,Educational Administration & Leadership eJournal,https://papers.ssrn.com/sol3/JELJOUR_Results.cfm?form_name=journalBrowse&journal_id=3122920&page=1
Social Science,Education Research Network,Educational Impact & Evaluation Research eJournal,https://papers.ssrn.com/sol3/JELJOUR_Results.cfm?form_name=journalBrowse&journal_id=3122965&page=1
Social Science,Education Research Network,Educational Psychology & Cognition eJournal,https://papers.ssrn.com/sol3/JELJOUR_Results.cfm?form_name=journalBrowse&journal_id=3122929&page=1
Social Science,Education Research Network,"Educational Technology, Media & Library Science eJournal",https://papers.ssrn.com/sol3/JELJOUR_Results.cfm?form_name=journalBrowse&journal_id=3122917&page=1
Social Science,Education Research Network,Engineering & Applied Sciences Education eJournal,https://papers.ssrn.com/sol3/JELJOUR_Results.cfm?form_name=journalBrowse&journal_id=3128476&page=1
Social Science,Education Research Network,Health Sciences Education eJournal,https://papers.ssrn.com/sol3/JELJOUR_Results.cfm?form_name=journalBrowse&journal_id=3128462&page=1
Social Science,Education Research Network,Humanities Education eJournal,https://papers.ssrn.com/sol3/JELJOUR_Results.cfm?form_name=journalBrowse&journal_id=3128475&page=1
Social Science,Education Research Network,Life Sciences Education eJournal,https://papers.ssrn.com/sol3/JELJOUR_Results.cfm?form_name=journalBrowse&journal_id=3128502&page=1
Social Science,Education Research Network,Pedagogy eJournal,https://papers.ssrn.com/sol3/JELJOUR_Results.cfm?form_name=journalBrowse&journal_id=3122935&page=1
Social Science,Education Research Network,Physical Sciences Education eJournal,https://papers.ssrn.com/sol3/JELJOUR_Results.cfm?form_name=journalBrowse&journal_id=3128505&page=1
Social Science,Education Research Network,Social Sciences Education eJournal,https://papers.ssrn.com/sol3/JELJOUR_Results.cfm?form_name=journalBrowse&journal_id=3128507&page=1
Social Science,Education Research Network,Sociology of Education eJournal,https://papers.ssrn.com/sol3/JELJOUR_Results.cfm?form_name=journalBrowse&journal_id=3122892&page=1
Social Science,Education Research Network,Teacher Education eJournal,https://papers.ssrn.com/sol3/JELJOUR_Results.cfm?form_name=journalBrowse&journal_id=3128427&page=1
Social Science,Entrepreneurship Research & Policy Network,Entrepreneurship Research Paper Series,https://papers.ssrn.com/sol3/JELJOUR_Results.cfm?form_name=journalBrowse&journal_id=872284&page=1
Social Science,Entrepreneurship Research & Policy Network,ERPN Conferences & Meetings,https://papers.ssrn.com/sol3/JELJOUR_Results.cfm?form_name=journalBrowse&journal_id=813764&page=1
Social Science,Entrepreneurship Research & Policy Network,ERPN Partners in Publishing Journals,https://papers.ssrn.com/sol3/JELJOUR_Results.cfm?form_name=journalBrowse&journal_id=874631&page=1
Social Science,Entrepreneurship Research & Policy Network,Entrepreneurship & Economics eJournal,https://papers.ssrn.com/sol3/JELJOUR_Results.cfm?form_name=journalBrowse&journal_id=870521&page=1
Social Science,Entrepreneurship Research & Policy Network,Entrepreneurship & Finance eJournal,https://papers.ssrn.com/sol3/JELJOUR_Results.cfm?form_name=journalBrowse&journal_id=870524&page=1
Social Science,Entrepreneurship Research & Policy Network,Entrepreneurship & Law eJournal,https://papers.ssrn.com/sol3/JELJOUR_Results.cfm?form_name=journalBrowse&journal_id=890390&page=1
Social Science,Entrepreneurship Research & Policy Network,Entrepreneurship & Management eJournal,https://papers.ssrn.com/sol3/JELJOUR_Results.cfm?form_name=journalBrowse&journal_id=870523&page=1
Social Science,Entrepreneurship Research & Policy Network,Entrepreneurship & Marketing eJournal,https://papers.ssrn.com/sol3/JELJOUR_Results.cfm?form_name=journalBrowse&journal_id=870525&page=1
Social Science,Entrepreneurship Research & Policy Network,Entrepreneurship & the Social Sciences eJournal,https://papers.ssrn.com/sol3/JELJOUR_Results.cfm?form_name=journalBrowse&journal_id=870522&page=1
Social Science,Entrepreneurship Research & Policy Network,"Entrepreneurship Educator: Courses, Cases & Teaching eJournal, Archives of Vols. 1-10, 2006-15",https://papers.ssrn.com/sol3/JELJOUR_Results.cfm?form_name=journalBrowse&journal_id=870520&page=1
Social Science,Entrepreneurship Research & Policy Network,Entrepreneurship Negative Results eJournal,https://papers.ssrn.com/sol3/JELJOUR_Results.cfm?form_name=journalBrowse&journal_id=3044012&page=1
Social Science,Entrepreneurship Research & Policy Network,"Entrepreneurship, Innovation, & Growth eJournal",https://papers.ssrn.com/sol3/JELJOUR_Results.cfm?form_name=journalBrowse&journal_id=870526&page=1
Social Science,Entrepreneurship Research & Policy Network,Other Entrepreneurship Research & Policy eJournal,https://papers.ssrn.com/sol3/JELJOUR_Results.cfm?form_name=journalBrowse&journal_id=3074863&page=1
Social Science,Entrepreneurship Research & Policy Network,Social Entrepreneurship eJournal,https://papers.ssrn.com/sol3/JELJOUR_Results.cfm?form_name=journalBrowse&journal_id=966554&page=1
Social Science,Financial & Investment Planning Research Network,FIPRN Conferences & Meetings,https://papers.ssrn.com/sol3/JELJOUR_Results.cfm?form_name=journalBrowse&journal_id=3468883&page=1
Social Science,Financial & Investment Planning Research Network,Alternative & Distressed Asset Investing eJournal,https://papers.ssrn.com/sol3/JELJOUR_Results.cfm?form_name=journalBrowse&journal_id=4058847&page=1
Social Science,Financial & Investment Planning Research Network,Estate Planning eJournal,https://papers.ssrn.com/sol3/JELJOUR_Results.cfm?form_name=journalBrowse&journal_id=3473236&page=1
Social Science,Financial & Investment Planning Research Network,Financial & Investment Planning Educator eJournal,https://papers.ssrn.com/sol3/JELJOUR_Results.cfm?form_name=journalBrowse&journal_id=3473245&page=1
Social Science,Financial & Investment Planning Research Network,Fixed Income Investing eJournal,https://papers.ssrn.com/sol3/JELJOUR_Results.cfm?form_name=journalBrowse&journal_id=4058834&page=1
Social Science,Financial & Investment Planning Research Network,Global Currencies eJournal,https://papers.ssrn.com/sol3/JELJOUR_Results.cfm?form_name=journalBrowse&journal_id=4058866&page=1
Social Science,Financial & Investment Planning Research Network,"Global Equities, Exchanges & Investment Indices eJournal",https://papers.ssrn.com/sol3/JELJOUR_Results.cfm?form_name=journalBrowse&journal_id=4058865&page=1
Social Science,Financial & Investment Planning Research Network,Global Investment Strategy eJournal,https://papers.ssrn.com/sol3/JELJOUR_Results.cfm?form_name=journalBrowse&journal_id=4058857&page=1
Social Science,Financial & Investment Planning Research Network,Investing eJournal,https://papers.ssrn.com/sol3/JELJOUR_Results.cfm?form_name=journalBrowse&journal_id=3473453&page=1
Social Science,Financial & Investment Planning Research Network,Quantitative Methods in Investing & Financial Statement Analysis eJournal,https://papers.ssrn.com/sol3/JELJOUR_Results.cfm?form_name=journalBrowse&journal_id=4058861&page=1
Social Science,Financial & Investment Planning Research Network,Retirement Planning eJournal,https://papers.ssrn.com/sol3/JELJOUR_Results.cfm?form_name=journalBrowse&journal_id=3473473&page=1
Social Science,Financial & Investment Planning Research Network,Tax Planning eJournal,https://papers.ssrn.com/sol3/JELJOUR_Results.cfm?form_name=journalBrowse&journal_id=3473485&page=1
Social Science,Financial & Investment Planning Research Network,Technology & Investing eJournal,https://papers.ssrn.com/sol3/JELJOUR_Results.cfm?form_name=journalBrowse&journal_id=4058853&page=1
Social Science,Financial Economics Network,FEN Conferences & Meetings,https://papers.ssrn.com/sol3/JELJOUR_Results.cfm?form_name=journalBrowse&journal_id=235330&page=1
Social Science,Financial Economics Network,FEN Partners in Publishing Journals,https://papers.ssrn.com/sol3/JELJOUR_Results.cfm?form_name=journalBrowse&journal_id=291119&page=1
Social Science,Financial Economics Network,Banking & Insurance eJournal,https://papers.ssrn.com/sol3/JELJOUR_Results.cfm?form_name=journalBrowse&journal_id=291119&page=1
Social Science,Financial Economics Network,Behavioral & Experimental Finance (Editor's Choice) eJournal,https://papers.ssrn.com/sol3/JELJOUR_Results.cfm?form_name=journalBrowse&journal_id=1175282&page=1
Social Science,Financial Economics Network,Behavioral & Experimental Finance eJournal,https://papers.ssrn.com/sol3/JELJOUR_Results.cfm?form_name=journalBrowse&journal_id=1504395&page=1
Social Science,Financial Economics Network,Capital Markets: Asset Pricing & Valuation eJournal,https://papers.ssrn.com/sol3/JELJOUR_Results.cfm?form_name=journalBrowse&journal_id=1508951&page=1
Social Science,Financial Economics Network,Capital Markets: Market Efficiency eJournal,https://papers.ssrn.com/sol3/JELJOUR_Results.cfm?form_name=journalBrowse&journal_id=1504403&page=1
Social Science,Financial Economics Network,Capital Markets: Market Microstructure eJournal,https://papers.ssrn.com/sol3/JELJOUR_Results.cfm?form_name=journalBrowse&journal_id=1504404&page=1
Social Science,Financial Economics Network,Climate Finance eJournal,https://papers.ssrn.com/sol3/JELJOUR_Results.cfm?form_name=journalBrowse&journal_id=4910885&page=1
Social Science,Financial Economics Network,Consumer Financial Fraud eJournal,https://papers.ssrn.com/sol3/JELJOUR_Results.cfm?form_name=journalBrowse&journal_id=2724783&page=1
Social Science,Financial Economics Network,Corporate Finance: Capital Structure & Payout Policies eJournal,https://papers.ssrn.com/sol3/JELJOUR_Results.cfm?form_name=journalBrowse&journal_id=1508969&page=1
Social Science,Financial Economics Network,"Corporate Finance: Governance, Corporate Control & Organization eJournal",https://papers.ssrn.com/sol3/JELJOUR_Results.cfm?form_name=journalBrowse&journal_id=1508972&page=1
Social Science,Financial Economics Network,"Corporate Finance: Valuation, Capital Budgeting & Investment Policy eJournal",https://papers.ssrn.com/sol3/JELJOUR_Results.cfm?form_name=journalBrowse&journal_id=1508981&page=1
Social Science,Financial Economics Network,Cryptocurrency Research eJournal,https://papers.ssrn.com/sol3/JELJOUR_Results.cfm?form_name=journalBrowse&journal_id=3839004&page=1
Social Science,Financial Economics Network,Derivatives eJournal,https://papers.ssrn.com/sol3/JELJOUR_Results.cfm?form_name=journalBrowse&journal_id=1504400&page=1
Social Science,Financial Economics Network,Emerging Markets: Finance eJournal,https://papers.ssrn.com/sol3/JELJOUR_Results.cfm?form_name=journalBrowse&journal_id=1492283&page=1
Social Science,Financial Economics Network,European Finance eJournal,https://papers.ssrn.com/sol3/JELJOUR_Results.cfm?form_name=journalBrowse&journal_id=1504411&page=1
Social Science,Financial Economics Network,Finance Education eJournal,https://papers.ssrn.com/sol3/JELJOUR_Results.cfm?form_name=journalBrowse&journal_id=282&page=1
Social Science,Financial Economics Network,Financial Crises eJournal,https://papers.ssrn.com/sol3/JELJOUR_Results.cfm?form_name=journalBrowse&journal_id=2012943&page=1
Social Science,Financial Economics Network,Financial Literacy eJournal,https://papers.ssrn.com/sol3/JELJOUR_Results.cfm?form_name=journalBrowse&journal_id=2357013&page=1
Social Science,Financial Economics Network,"Governance, Incentives & Compensation eJournal",https://papers.ssrn.com/sol3/JELJOUR_Results.cfm?form_name=journalBrowse&journal_id=2012946&page=1
Social Science,Financial Economics Network,History of Finance eJournal,https://papers.ssrn.com/sol3/JELJOUR_Results.cfm?form_name=journalBrowse&journal_id=1205671&page=1
Social Science,Financial Economics Network,Household Finance eJournal,https://papers.ssrn.com/sol3/JELJOUR_Results.cfm?form_name=journalBrowse&journal_id=1552954&page=1
Social Science,Financial Economics Network,International Corporate Finance eJournal,https://papers.ssrn.com/sol3/JELJOUR_Results.cfm?form_name=journalBrowse&journal_id=964074&page=1
Social Science,Financial Economics Network,"Mutual Funds, Hedge Funds & Investment Industry eJournal",https://papers.ssrn.com/sol3/JELJOUR_Results.cfm?form_name=journalBrowse&journal_id=1504392&page=1
Social Science,Financial Economics Network,Pension Risk Management eJournal,https://papers.ssrn.com/sol3/JELJOUR_Results.cfm?form_name=journalBrowse&journal_id=974963&page=1
Social Science,Financial Economics Network,"Property, Casualty & Life Insurance eJournal",https://papers.ssrn.com/sol3/JELJOUR_Results.cfm?form_name=journalBrowse&journal_id=2012928&page=1
Social Science,Financial Economics Network,Real Estate eJournal,https://papers.ssrn.com/sol3/JELJOUR_Results.cfm?form_name=journalBrowse&journal_id=1492470&page=1
Social Science,Financial Economics Network,Regulation of Financial Institutions eJournal,https://papers.ssrn.com/sol3/JELJOUR_Results.cfm?form_name=journalBrowse&journal_id=2012950&page=1
Social Science,Financial Economics Network,Risk Management & Analysis in Financial Institutions eJournal,https://papers.ssrn.com/sol3/JELJOUR_Results.cfm?form_name=journalBrowse&journal_id=2012952&page=1
Social Science,Financial Economics Network,Risk Management eJournal,https://papers.ssrn.com/sol3/JELJOUR_Results.cfm?form_name=journalBrowse&journal_id=1492472&page=1
Social Science,Financial Economics Network,Wealth Management (Editor's Choice) eJournal,https://papers.ssrn.com/sol3/JELJOUR_Results.cfm?form_name=journalBrowse&journal_id=3531248&page=1
Social Science,Financial Economics Network,Wealth Management eJournal,https://papers.ssrn.com/sol3/JELJOUR_Results.cfm?form_name=journalBrowse&journal_id=3396746&page=1
Social Science,Financial Economics Network,Finance Research Centers Papers,https://papers.ssrn.com/sol3/JELJOUR_Results.cfm?form_name=journalBrowse&journal_id=179252&page=1
Social Science,Geography Research Network,"Agricultural, Economic, Political & Social Geography eJournal",https://papers.ssrn.com/sol3/JELJOUR_Results.cfm?form_name=journalBrowse&journal_id=3425478&page=1
Social Science,Geography Research Network,"Cartography, Spatial Analysis & Geographical Methodology eJournal",https://papers.ssrn.com/sol3/JELJOUR_Results.cfm?form_name=journalBrowse&journal_id=3424362&page=1
Social Science,Geography Research Network,"Cognitive, Cultural & Historical Geography eJournal",https://papers.ssrn.com/sol3/JELJOUR_Results.cfm?form_name=journalBrowse&journal_id=3425522&page=1
Social Science,Geography Research Network,"Environmental, Medical & Human-Ecological Geography eJournal",https://papers.ssrn.com/sol3/JELJOUR_Results.cfm?form_name=journalBrowse&journal_id=3425060&page=1
Social Science,Geography Research Network,Geography Education eJournal,https://papers.ssrn.com/sol3/JELJOUR_Results.cfm?form_name=journalBrowse&journal_id=3425730&page=1
Social Science,Geography Research Network,"Geography of Human Settlements, Populations & Movements eJournal",https://papers.ssrn.com/sol3/JELJOUR_Results.cfm?form_name=journalBrowse&journal_id=3425394&page=1
Social Science,Geography Research Network,History & Theory of Geography eJournal,https://papers.ssrn.com/sol3/JELJOUR_Results.cfm?form_name=journalBrowse&journal_id=3423727&page=1
Social Science,Geography Research Network,Physical Geography & Biogeography eJournal,https://papers.ssrn.com/sol3/JELJOUR_Results.cfm?form_name=journalBrowse&journal_id=3424421&page=1
Social Science,Health Economics Network,HEN Conferences & Meetings,https://papers.ssrn.com/sol3/JELJOUR_Results.cfm?form_name=journalBrowse&journal_id=926391&page=1
Social Science,Health Economics Network,HEN Subject Matter eJournals,https://papers.ssrn.com/sol3/JELJOUR_Results.cfm?form_name=journalBrowse&journal_id=926469&page=1
Social Science,History Research Network,History Research Centers Papers,https://papers.ssrn.com/sol3/JELJOUR_Results.cfm?form_name=journalBrowse&journal_id=3562555&page=1
Social Science,History Research Network,HistoryRN Conferences & Meetings,https://papers.ssrn.com/sol3/JELJOUR_Results.cfm?form_name=journalBrowse&journal_id=3562550&page=1
Social Science,History Research Network,HistoryRN Subject Matter eJournals,https://papers.ssrn.com/sol3/JELJOUR_Results.cfm?form_name=journalBrowse&journal_id=3562554&page=1
Social Science,Information & Library Science Research Network,Information & Library Science Research Centers Papers,https://papers.ssrn.com/sol3/JELJOUR_Results.cfm?form_name=journalBrowse&journal_id=3468878&page=1
Social Science,Information & Library Science Research Network,"Data Science, Data Analytics & Informatics eJournal",https://papers.ssrn.com/sol3/JELJOUR_Results.cfm?form_name=journalBrowse&journal_id=3506952&page=1
Social Science,Information & Library Science Research Network,Generative AI eJournal,https://papers.ssrn.com/sol3/JELJOUR_Results.cfm?form_name=journalBrowse&journal_id=4353004&page=1
Social Science,Information & Library Science Research Network,Information & Library Science Education eJournal,https://papers.ssrn.com/sol3/JELJOUR_Results.cfm?form_name=journalBrowse&journal_id=3507704&page=1
Social Science,Information & Library Science Research Network,Information & Library Science Negative Results eJournal,https://papers.ssrn.com/sol3/JELJOUR_Results.cfm?form_name=journalBrowse&journal_id=3507709&page=1
Social Science,Information & Library Science Research Network,"Information Curation, Management & Organization eJournal",https://papers.ssrn.com/sol3/JELJOUR_Results.cfm?form_name=journalBrowse&journal_id=3507003&page=1
Social Science,Information & Library Science Research Network,"Information Policy, Ethics, Access & Use eJournal",https://papers.ssrn.com/sol3/JELJOUR_Results.cfm?form_name=journalBrowse&journal_id=3507039&page=1
Social Science,Information & Library Science Research Network,Information Theory & Research eJournal,https://papers.ssrn.com/sol3/JELJOUR_Results.cfm?form_name=journalBrowse&journal_id=3507073&page=1
Social Science,Information & Library Science Research Network,Libraries & Information Technology eJournal,https://papers.ssrn.com/sol3/JELJOUR_Results.cfm?form_name=journalBrowse&journal_id=3507097&page=1
Social Science,Information & Library Science Research Network,Libraries & Media eJournal,https://papers.ssrn.com/sol3/JELJOUR_Results.cfm?form_name=journalBrowse&journal_id=3507139&page=1
Social Science,Information & Library Science Research Network,Library Management & Operations eJournal,https://papers.ssrn.com/sol3/JELJOUR_Results.cfm?form_name=journalBrowse&journal_id=3507633&page=1
Social Science,Information & Library Science Research Network,Library Services & Librarianship eJournal,https://papers.ssrn.com/sol3/JELJOUR_Results.cfm?form_name=journalBrowse&journal_id=3507148&page=1
Social Science,Information & Library Science Research Network,"Special Collections, Archives & Museums eJournal",https://papers.ssrn.com/sol3/JELJOUR_Results.cfm?form_name=journalBrowse&journal_id=3506932&page=1
Social Science,Information Systems & eBusiness Network,ISN Conferences & Meetings,https://papers.ssrn.com/sol3/JELJOUR_Results.cfm?form_name=journalBrowse&journal_id=317705&page=1
Social Science,Information Systems & eBusiness Network,ISN Partners in Publishing Journals,https://papers.ssrn.com/sol3/JELJOUR_Results.cfm?form_name=journalBrowse&journal_id=2124793&page=1
Social Science,Information Systems & eBusiness Network,eBusiness & eCommerce eJournal,https://papers.ssrn.com/sol3/JELJOUR_Results.cfm?form_name=journalBrowse&journal_id=1475385&page=1
Social Science,Information Systems & eBusiness Network,Emerging Legal Issues in Information Systems eJournal,https://papers.ssrn.com/sol3/JELJOUR_Results.cfm?form_name=journalBrowse&journal_id=4621655&page=1
Social Science,Information Systems & eBusiness Network,Frontiers in Information Systems Research & Applications eJournal,https://papers.ssrn.com/sol3/JELJOUR_Results.cfm?form_name=journalBrowse&journal_id=4621663&page=1
Social Science,Information Systems & eBusiness Network,Information Systems & eBusiness Negative Results eJournal,https://papers.ssrn.com/sol3/JELJOUR_Results.cfm?form_name=journalBrowse&journal_id=3045514&page=1
Social Science,Information Systems & eBusiness Network,Information Systems & Economics eJournal,https://papers.ssrn.com/sol3/JELJOUR_Results.cfm?form_name=journalBrowse&journal_id=1475407&page=1
Social Science,Information Systems & eBusiness Network,Information Systems Education eJournal,https://papers.ssrn.com/sol3/JELJOUR_Results.cfm?form_name=journalBrowse&journal_id=4621661&page=1
Social Science,Information Systems & eBusiness Network,Information Systems Legislation & Regulations eJournal,https://papers.ssrn.com/sol3/JELJOUR_Results.cfm?form_name=journalBrowse&journal_id=2495585&page=1
Social Science,Information Systems & eBusiness Network,Information Systems: Behavioral & Social Methods eJournal,https://papers.ssrn.com/sol3/JELJOUR_Results.cfm?form_name=journalBrowse&journal_id=1475411&page=1
Social Science,Information Systems & eBusiness Network,Information Technology & Systems eJournal,https://papers.ssrn.com/sol3/JELJOUR_Results.cfm?form_name=journalBrowse&journal_id=1475394&page=1
Social Science,Innovation Research & Policy Network,Innovation Research Centers Papers,https://papers.ssrn.com/sol3/JELJOUR_Results.cfm?form_name=journalBrowse&journal_id=1768184&page=1
Social Science,Innovation Research & Policy Network,IRPN Conferences & Meetings,https://papers.ssrn.com/sol3/JELJOUR_Results.cfm?form_name=journalBrowse&journal_id=1768159&page=1
Social Science,Innovation Research & Policy Network,Development of Innovation eJournal,https://papers.ssrn.com/sol3/JELJOUR_Results.cfm?form_name=journalBrowse&journal_id=2011875&page=1
Social Science,Innovation Research & Policy Network,Diffusion of Innovation eJournal,https://papers.ssrn.com/sol3/JELJOUR_Results.cfm?form_name=journalBrowse&journal_id=2011887&page=1
Social Science,Innovation Research & Policy Network,Economic & Social Impacts of Innovation eJournal,https://papers.ssrn.com/sol3/JELJOUR_Results.cfm?form_name=journalBrowse&journal_id=2011932&page=1
Social Science,Innovation Research & Policy Network,Environment for Innovation eJournal,https://papers.ssrn.com/sol3/JELJOUR_Results.cfm?form_name=journalBrowse&journal_id=2010572&page=1
Social Science,Innovation Research & Policy Network,Innovation in Legal Education eJournal,https://papers.ssrn.com/sol3/JELJOUR_Results.cfm?form_name=journalBrowse&journal_id=2184999&page=1
Social Science,Innovation Research & Policy Network,Innovation Measurement & Indicators eJournal,https://papers.ssrn.com/sol3/JELJOUR_Results.cfm?form_name=journalBrowse&journal_id=2011933&page=1
Social Science,Innovation Research & Policy Network,Sources of Innovation eJournal,https://papers.ssrn.com/sol3/JELJOUR_Results.cfm?form_name=journalBrowse&journal_id=2011220&page=1
Social Science,Innovation Research & Policy Network,Cyberspace Law eJournal,https://papers.ssrn.com/sol3/JELJOUR_Results.cfm?form_name=journalBrowse&journal_id=225&page=1
Social Science,Innovation Research & Policy Network,Economics of Innovation eJournal,https://papers.ssrn.com/sol3/JELJOUR_Results.cfm?form_name=journalBrowse&journal_id=2009016&page=1
Social Science,Innovation Research & Policy Network,Innovation & Geography eJournal,https://papers.ssrn.com/sol3/JELJOUR_Results.cfm?form_name=journalBrowse&journal_id=2010030&page=1
Social Science,Innovation Research & Policy Network,Innovation & Management Science eJournal,https://papers.ssrn.com/sol3/JELJOUR_Results.cfm?form_name=journalBrowse&journal_id=2009575&page=1
Social Science,Innovation Research & Policy Network,Innovation Finance & Accounting eJournal,https://papers.ssrn.com/sol3/JELJOUR_Results.cfm?form_name=journalBrowse&journal_id=2010022&page=1
Social Science,Innovation Research & Policy Network,Innovation Law & Policy eJournal,https://papers.ssrn.com/sol3/JELJOUR_Results.cfm?form_name=journalBrowse&journal_id=2009568&page=1
Social Science,Innovation Research & Policy Network,Management of Innovation eJournal,https://papers.ssrn.com/sol3/JELJOUR_Results.cfm?form_name=journalBrowse&journal_id=2009545&page=1
Social Science,Innovation Research & Policy Network,Psychology of Innovation eJournal,https://papers.ssrn.com/sol3/JELJOUR_Results.cfm?form_name=journalBrowse&journal_id=2009510&page=1
Social Science,Innovation Research & Policy Network,Sociology of Innovation eJournal,https://papers.ssrn.com/sol3/JELJOUR_Results.cfm?form_name=journalBrowse&journal_id=2009485&page=1
Social Science,Innovation Research & Policy Network,"Innovation Educator: Courses, Cases & Teaching eJournal",https://papers.ssrn.com/sol3/JELJOUR_Results.cfm?form_name=journalBrowse&journal_id=1999080&page=1
Social Science,Innovation Research & Policy Network,Innovation Practice eJournal,https://papers.ssrn.com/sol3/JELJOUR_Results.cfm?form_name=journalBrowse&journal_id=2009009&page=1
Social Science,Innovation Research & Policy Network,Innovation Research & Policy Negative Results eJournal,https://papers.ssrn.com/sol3/JELJOUR_Results.cfm?form_name=journalBrowse&journal_id=3045529&page=1
Social Science,Innovation Research & Policy Network,Other Innovation Research & Policy eJournal,https://papers.ssrn.com/sol3/JELJOUR_Results.cfm?form_name=journalBrowse&journal_id=3074875&page=1
Social Science,Legal Scholarship Network,Law Research Centers Papers,https://papers.ssrn.com/sol3/JELJOUR_Results.cfm?form_name=journalBrowse&journal_id=162448&page=1
Social Science,Legal Scholarship Network,Law School Research Papers - Law & Economics,https://papers.ssrn.com/sol3/JELJOUR_Results.cfm?form_name=journalBrowse&journal_id=162448&page=1
Social Science,Legal Scholarship Network,Law School Research Papers - Legal Studies,https://papers.ssrn.com/sol3/JELJOUR_Results.cfm?form_name=journalBrowse&journal_id=291301&page=1
Social Science,Legal Scholarship Network,Law School Research Papers - Public Law & Legal Theory,https://papers.ssrn.com/sol3/JELJOUR_Results.cfm?form_name=journalBrowse&journal_id=174571&page=1
Social Science,Legal Scholarship Network,LSN Conferences & Meetings,https://papers.ssrn.com/sol3/JELJOUR_Results.cfm?form_name=journalBrowse&journal_id=236348&page=1
Social Science,Legal Scholarship Network,LSN Partners in Publishing Journals,https://papers.ssrn.com/sol3/JELJOUR_Results.cfm?form_name=journalBrowse&journal_id=267302&page=1
Social Science,Legal Scholarship Network,LSN Subject Matter eJournals,https://papers.ssrn.com/sol3/JELJOUR_Results.cfm?form_name=journalBrowse&journal_id=267308&page=1
Social Science,Management Research Network ,MRN Business History & Nonprofit Organizations Research Network,https://papers.ssrn.com/sol3/JELJOUR_Results.cfm?form_name=journalBrowse&journal_id=267309&page=1
Social Science,Management Research Network ,MRN Business School Research Papers,https://papers.ssrn.com/sol3/JELJOUR_Results.cfm?form_name=journalBrowse&journal_id=208255&page=1
Social Science,Management Research Network ,MRN Case & Teaching Series,https://papers.ssrn.com/sol3/JELJOUR_Results.cfm?form_name=journalBrowse&journal_id=256972&page=1
Social Science,Management Research Network ,MRN Corporate Strategy & Business Policy Network,https://papers.ssrn.com/sol3/JELJOUR_Results.cfm?form_name=journalBrowse&journal_id=309819&page=1
Social Science,Management Research Network ,MRN International Business & Management Network,https://papers.ssrn.com/sol3/JELJOUR_Results.cfm?form_name=journalBrowse&journal_id=300820&page=1
Social Science,Management Research Network ,MRN Leadership Research Network,https://papers.ssrn.com/sol3/JELJOUR_Results.cfm?form_name=journalBrowse&journal_id=1152010&page=1
Social Science,Management Research Network ,MRN Management Research Centers Papers,https://papers.ssrn.com/sol3/JELJOUR_Results.cfm?form_name=journalBrowse&journal_id=205095&page=1
Social Science,Management Research Network ,MRN Marketing Network,https://papers.ssrn.com/sol3/JELJOUR_Results.cfm?form_name=journalBrowse&journal_id=298223&page=1
Social Science,Management Research Network ,MRN Negotiations & Dispute Resolution Network,https://papers.ssrn.com/sol3/JELJOUR_Results.cfm?form_name=journalBrowse&journal_id=280448&page=1
Social Science,Management Research Network ,MRN Operations Research Network,https://papers.ssrn.com/sol3/JELJOUR_Results.cfm?form_name=journalBrowse&journal_id=992965&page=1
Social Science,Management Research Network ,MRN Organizational Behavior Research Network,https://papers.ssrn.com/sol3/JELJOUR_Results.cfm?form_name=journalBrowse&journal_id=309820&page=1
Social Science,Management Research Network ,MRN Production & Operations Management Network,https://papers.ssrn.com/sol3/JELJOUR_Results.cfm?form_name=journalBrowse&journal_id=309821&page=1
Social Science,Management Research Network ,MRN Professional & Practitioner Paper Series,https://papers.ssrn.com/sol3/JELJOUR_Results.cfm?form_name=journalBrowse&journal_id=240496&page=1
Social Science,Organization Series,OSN First Look,https://papers.ssrn.com/sol3/JELJOUR_Results.cfm?form_name=journalBrowse&journal_id=3425313&page=1
Social Science,Organization Series,21st Century China Center Research Paper Series,https://papers.ssrn.com/sol3/JELJOUR_Results.cfm?form_name=journalBrowse&journal_id=2970768&page=1
Social Science,Organization Series,Duke Global Working Paper Series,https://papers.ssrn.com/sol3/JELJOUR_Results.cfm?form_name=journalBrowse&journal_id=3431322&page=1
Social Science,Organization Series,SPGMI: Capital IQ Data (Topic),https://papers.ssrn.com/sol3/JELJOUR_Results.cfm?form_name=journalBrowse&journal_id=2978264&page=1
Social Science,Organization Series,SPGMI: Compustat Fundamentals (Topic),https://papers.ssrn.com/sol3/JELJOUR_Results.cfm?form_name=journalBrowse&journal_id=2978266&page=1
Social Science,Organization Series,SPGMI: IHS Markit (Topic),https://papers.ssrn.com/sol3/JELJOUR_Results.cfm?form_name=journalBrowse&journal_id=4139661&page=1
Social Science,Organization Series,SPGMI: Panjiva (Topic),https://papers.ssrn.com/sol3/JELJOUR_Results.cfm?form_name=journalBrowse&journal_id=3141573&page=1
Social Science,Organization Series,SPGMI: Quantamental Research from S&P (Topic),https://papers.ssrn.com/sol3/JELJOUR_Results.cfm?form_name=journalBrowse&journal_id=4838258&page=1
Social Science,Organization Series,SPGMI: RateWatch (Topic),https://papers.ssrn.com/sol3/JELJOUR_Results.cfm?form_name=journalBrowse&journal_id=3260065&page=1
Social Science,Organization Series,"SPGMI: SNL Financial, Energy & Technology (Topic)",https://papers.ssrn.com/sol3/JELJOUR_Results.cfm?form_name=journalBrowse&journal_id=2978267&page=1
Social Science,Organization Series,SPGMI: Thought Leadership from S&P (Topic),https://papers.ssrn.com/sol3/JELJOUR_Results.cfm?form_name=journalBrowse&journal_id=4891211&page=1
Social Science,Organization Series,SPGMI: Trucost ESG Data (Topic),https://papers.ssrn.com/sol3/JELJOUR_Results.cfm?form_name=journalBrowse&journal_id=3834547&page=1
Social Science,Organization Series,Wharton Research Data Services (WRDS) Research Paper Series,https://papers.ssrn.com/sol3/JELJOUR_Results.cfm?form_name=journalBrowse&journal_id=2914615&page=1
Social Science,Political Science Network,Political Science Departments Research Papers,https://papers.ssrn.com/sol3/JELJOUR_Results.cfm?form_name=journalBrowse&journal_id=1747959&page=1
Social Science,Political Science Network,PSN Conferences & Meetings,https://papers.ssrn.com/sol3/JELJOUR_Results.cfm?form_name=journalBrowse&journal_id=998400&page=1
Social Science,Political Science Network,Political Science Research Centers Papers,https://papers.ssrn.com/sol3/JELJOUR_Results.cfm?form_name=journalBrowse&journal_id=2348298&page=1
Social Science,Political Science Network,Conflict Studies eJournals,https://papers.ssrn.com/sol3/JELJOUR_Results.cfm?form_name=journalBrowse&journal_id=2380716&page=1
Social Science,Political Science Network,Other Political Science eJournal,https://papers.ssrn.com/sol3/JELJOUR_Results.cfm?form_name=journalBrowse&journal_id=3074936&page=1
Social Science,Political Science Network,Political Behavior eJournals,https://papers.ssrn.com/sol3/JELJOUR_Results.cfm?form_name=journalBrowse&journal_id=998966&page=1
Social Science,Political Science Network,Comparative Political Economy: Comparative Capitalism eJournal,https://papers.ssrn.com/sol3/JELJOUR_Results.cfm?form_name=journalBrowse&journal_id=2199946&page=1
Social Science,Political Science Network,Comparative Political Economy: Comparative Regional Economies eJournal,https://papers.ssrn.com/sol3/JELJOUR_Results.cfm?form_name=journalBrowse&journal_id=2199957&page=1
Social Science,Political Science Network,Comparative Political Economy: Fiscal Policy eJournal,https://papers.ssrn.com/sol3/JELJOUR_Results.cfm?form_name=journalBrowse&journal_id=2199900&page=1
Social Science,Political Science Network,Comparative Political Economy: Monetary Policy eJournal,https://papers.ssrn.com/sol3/JELJOUR_Results.cfm?form_name=journalBrowse&journal_id=2199937&page=1
Social Science,Political Science Network,Comparative Political Economy: Regulation eJournal,https://papers.ssrn.com/sol3/JELJOUR_Results.cfm?form_name=journalBrowse&journal_id=2199885&page=1
Social Science,Political Science Network,Comparative Political Economy: Social Welfare Policy eJournal,https://papers.ssrn.com/sol3/JELJOUR_Results.cfm?form_name=journalBrowse&journal_id=2199892&page=1
Social Science,Political Science Network,"Political Economy: Comparative Political Economy eJournal, Archives of Vols. 1-7, 2007-13",https://papers.ssrn.com/sol3/JELJOUR_Results.cfm?form_name=journalBrowse&journal_id=999077&page=1
Social Science,Political Science Network,Political Economy - Development: Comparative Regional Economies eJournal,https://papers.ssrn.com/sol3/JELJOUR_Results.cfm?form_name=journalBrowse&journal_id=2242186&page=1
Social Science,Political Science Network,Political Economy - Development: Domestic Development Strategies eJournal,https://papers.ssrn.com/sol3/JELJOUR_Results.cfm?form_name=journalBrowse&journal_id=2242164&page=1
Social Science,Political Science Network,Political Economy - Development: Environment eJournal,https://papers.ssrn.com/sol3/JELJOUR_Results.cfm?form_name=journalBrowse&journal_id=2241758&page=1
Social Science,Political Science Network,Political Economy - Development: Fiscal & Monetary Policy eJournal,https://papers.ssrn.com/sol3/JELJOUR_Results.cfm?form_name=journalBrowse&journal_id=2242108&page=1
Social Science,Political Science Network,Political Economy - Development: Health eJournal,https://papers.ssrn.com/sol3/JELJOUR_Results.cfm?form_name=journalBrowse&journal_id=2241900&page=1
Social Science,Political Science Network,Political Economy - Development: International Development Efforts & Strategies eJournal,https://papers.ssrn.com/sol3/JELJOUR_Results.cfm?form_name=journalBrowse&journal_id=2241742&page=1
Social Science,Political Science Network,Political Economy - Development: Political Institutions eJournal,https://papers.ssrn.com/sol3/JELJOUR_Results.cfm?form_name=journalBrowse&journal_id=2242174&page=1
Social Science,Political Science Network,Political Economy - Development: Public Service Delivery eJournal,https://papers.ssrn.com/sol3/JELJOUR_Results.cfm?form_name=journalBrowse&journal_id=2242143&page=1
Social Science,Political Science Network,Political Economy - Development: Underdevelopment & Poverty eJournal,https://papers.ssrn.com/sol3/JELJOUR_Results.cfm?form_name=journalBrowse&journal_id=2242092&page=1
Social Science,Political Science Network,International Political Economy: Globalization eJournal,https://papers.ssrn.com/sol3/JELJOUR_Results.cfm?form_name=journalBrowse&journal_id=2250026&page=1
Social Science,Political Science Network,International Political Economy: Investment & Finance eJournal,https://papers.ssrn.com/sol3/JELJOUR_Results.cfm?form_name=journalBrowse&journal_id=2250021&page=1
Social Science,Political Science Network,International Political Economy: Migration eJournal,https://papers.ssrn.com/sol3/JELJOUR_Results.cfm?form_name=journalBrowse&journal_id=2250068&page=1
Social Science,Political Science Network,International Political Economy: Monetary Relations eJournal,https://papers.ssrn.com/sol3/JELJOUR_Results.cfm?form_name=journalBrowse&journal_id=2250057&page=1
Social Science,Political Science Network,International Political Economy: Trade Policy eJournal,https://papers.ssrn.com/sol3/JELJOUR_Results.cfm?form_name=journalBrowse&journal_id=2250094&page=1
Social Science,Political Science Network,Law & Politics eJournal,https://papers.ssrn.com/sol3/JELJOUR_Results.cfm?form_name=journalBrowse&journal_id=961444&page=1
Social Science,Political Science Network,Law & Positive Political Theory eJournal,https://papers.ssrn.com/sol3/JELJOUR_Results.cfm?form_name=journalBrowse&journal_id=760587&page=1
Social Science,Political Science Network,Political Institutions: Bureaucracies & Public Administration eJournal,https://papers.ssrn.com/sol3/JELJOUR_Results.cfm?form_name=journalBrowse&journal_id=999192&page=1
Social Science,Political Science Network,Political Institutions: Constitutions eJournal,https://papers.ssrn.com/sol3/JELJOUR_Results.cfm?form_name=journalBrowse&journal_id=999185&page=1
Social Science,Political Science Network,Political Institutions: Elections eJournal,https://papers.ssrn.com/sol3/JELJOUR_Results.cfm?form_name=journalBrowse&journal_id=999204&page=1
Social Science,Political Science Network,Political Institutions: Federalism & Sub-National Politics eJournal,https://papers.ssrn.com/sol3/JELJOUR_Results.cfm?form_name=journalBrowse&journal_id=999219&page=1
Social Science,Political Science Network,Political Institutions: International Institutions eJournals,https://papers.ssrn.com/sol3/JELJOUR_Results.cfm?form_name=journalBrowse&journal_id=2397475&page=1
Social Science,Political Science Network,Political Institutions: Legislatures eJournal,https://papers.ssrn.com/sol3/JELJOUR_Results.cfm?form_name=journalBrowse&journal_id=999190&page=1
Social Science,Political Science Network,Political Institutions: Non-Democratic Regimes eJournal,https://papers.ssrn.com/sol3/JELJOUR_Results.cfm?form_name=journalBrowse&journal_id=999223&page=1
Social Science,Political Science Network,"Political Institutions: Parties, Interest Groups & Other Political Organizations eJournal",https://papers.ssrn.com/sol3/JELJOUR_Results.cfm?form_name=journalBrowse&journal_id=999210&page=1
Social Science,Political Science Network,Political Institutions: The President & Executives eJournal,https://papers.ssrn.com/sol3/JELJOUR_Results.cfm?form_name=journalBrowse&journal_id=999189&page=1
Social Science,Political Science Network,Political Methods eJournals,https://papers.ssrn.com/sol3/JELJOUR_Results.cfm?form_name=journalBrowse&journal_id=998969&page=1
Social Science,Political Science Network,"Political Science Educator: Courses, Cases & Teaching eJournal",https://papers.ssrn.com/sol3/JELJOUR_Results.cfm?form_name=journalBrowse&journal_id=2263358&page=1
Social Science,Political Science Network,Political Science Negative Results eJournal,https://papers.ssrn.com/sol3/JELJOUR_Results.cfm?form_name=journalBrowse&journal_id=3045552&page=1
Social Science,Political Science Network,Political Theory eJournals,https://papers.ssrn.com/sol3/JELJOUR_Results.cfm?form_name=journalBrowse&journal_id=998970&page=1
Social Science,Political Science Network,Race & Social Inequity eJournal,https://papers.ssrn.com/sol3/JELJOUR_Results.cfm?form_name=journalBrowse&journal_id=3635066&page=1
Social Science,Psychology Research Network,Climate & Environmental Psychology eJournal,https://papers.ssrn.com/sol3/JELJOUR_Results.cfm?form_name=journalBrowse&journal_id=3586873&page=1
Social Science,Psychology Research Network,Clinical & Counseling Psychology eJournal,https://papers.ssrn.com/sol3/JELJOUR_Results.cfm?form_name=journalBrowse&journal_id=3586912&page=1
Social Science,Psychology Research Network,Cognitive Psychology eJournal,https://papers.ssrn.com/sol3/JELJOUR_Results.cfm?form_name=journalBrowse&journal_id=3586947&page=1
Social Science,Psychology Research Network,Developmental Psychology eJournal,https://papers.ssrn.com/sol3/JELJOUR_Results.cfm?form_name=journalBrowse&journal_id=3586967&page=1
Social Science,Psychology Research Network,Educational & School Psychology eJournal,https://papers.ssrn.com/sol3/JELJOUR_Results.cfm?form_name=journalBrowse&journal_id=3587012&page=1
Social Science,Psychology Research Network,Forensic Psychology eJournal,https://papers.ssrn.com/sol3/JELJOUR_Results.cfm?form_name=journalBrowse&journal_id=3587020&page=1
Social Science,Psychology Research Network,Health Psychology eJournal,https://papers.ssrn.com/sol3/JELJOUR_Results.cfm?form_name=journalBrowse&journal_id=3587033&page=1
Social Science,Psychology Research Network,Industrial & Organizational Psychology eJournal,https://papers.ssrn.com/sol3/JELJOUR_Results.cfm?form_name=journalBrowse&journal_id=3587052&page=1
Social Science,Psychology Research Network,"Psychology Educator: Courses, Cases & Teaching eJournal",https://papers.ssrn.com/sol3/JELJOUR_Results.cfm?form_name=journalBrowse&journal_id=3586799&page=1
Social Science,Psychology Research Network,Psychology Negative Results eJournal,https://papers.ssrn.com/sol3/JELJOUR_Results.cfm?form_name=journalBrowse&journal_id=3586836&page=1
Social Science,Psychology Research Network,Psychology Research Methods eJournal,https://papers.ssrn.com/sol3/JELJOUR_Results.cfm?form_name=journalBrowse&journal_id=3587058&page=1
Social Science,Psychology Research Network,Social & Personality Psychology eJournal,https://papers.ssrn.com/sol3/JELJOUR_Results.cfm?form_name=journalBrowse&journal_id=3587070&page=1
Social Science,Social Insurance Research Network,SIRN Conferences & Meetings,https://papers.ssrn.com/sol3/JELJOUR_Results.cfm?form_name=journalBrowse&journal_id=531941&page=1
Social Science,Social Insurance Research Network,SIRN Subject Matter eJournals,https://papers.ssrn.com/sol3/JELJOUR_Results.cfm?form_name=journalBrowse&journal_id=528402&page=1
Social Science,Sociology Research Network,SociologyRN Conferences & Meetings,https://papers.ssrn.com/sol3/JELJOUR_Results.cfm?form_name=journalBrowse&journal_id=3468849&page=1
Social Science,Sociology Research Network,Computational & Mathematical Sociology eJournal,https://papers.ssrn.com/sol3/JELJOUR_Results.cfm?form_name=journalBrowse&journal_id=3932532&page=1
Social Science,Sociology Research Network,Cultural Sociology eJournal,https://papers.ssrn.com/sol3/JELJOUR_Results.cfm?form_name=journalBrowse&journal_id=3797860&page=1
Social Science,Sociology Research Network,Disability Inclusion Research eJournal,https://papers.ssrn.com/sol3/JELJOUR_Results.cfm?form_name=journalBrowse&journal_id=3949717&page=1
Social Science,Sociology Research Network,Economic Sociology eJournal,https://papers.ssrn.com/sol3/JELJOUR_Results.cfm?form_name=journalBrowse&journal_id=3797865&page=1
Social Science,Sociology Research Network,Educational Sociology eJournal,https://papers.ssrn.com/sol3/JELJOUR_Results.cfm?form_name=journalBrowse&journal_id=3797938&page=1
Social Science,Sociology Research Network,Environmental Sociology eJournal,https://papers.ssrn.com/sol3/JELJOUR_Results.cfm?form_name=journalBrowse&journal_id=3797874&page=1
Social Science,Sociology Research Network,"Family, Life Course & Aging eJournal",https://papers.ssrn.com/sol3/JELJOUR_Results.cfm?form_name=journalBrowse&journal_id=3797877&page=1
Social Science,Sociology Research Network,Medical & Mental Health Sociology eJournal,https://papers.ssrn.com/sol3/JELJOUR_Results.cfm?form_name=journalBrowse&journal_id=3797906&page=1
Social Science,Sociology Research Network,Political Sociology eJournal,https://papers.ssrn.com/sol3/JELJOUR_Results.cfm?form_name=journalBrowse&journal_id=3797918&page=1
Social Science,Sociology Research Network,Pride LGBTQIA eJournal,https://papers.ssrn.com/sol3/JELJOUR_Results.cfm?form_name=journalBrowse&journal_id=3839002&page=1
Social Science,Sociology Research Network,Social Demography eJournal,https://papers.ssrn.com/sol3/JELJOUR_Results.cfm?form_name=journalBrowse&journal_id=3797920&page=1
Social Science,Sociology Research Network,Social Psychology eJournal,https://papers.ssrn.com/sol3/JELJOUR_Results.cfm?form_name=journalBrowse&journal_id=3797926&page=1
Social Science,Sociology Research Network,"Social Stratification, Social Mobility & Inequality eJournal",https://papers.ssrn.com/sol3/JELJOUR_Results.cfm?form_name=journalBrowse&journal_id=3797928&page=1
Social Science,Sociology Research Network,Sociological Research Methods eJournal,https://papers.ssrn.com/sol3/JELJOUR_Results.cfm?form_name=journalBrowse&journal_id=3815003&page=1
Social Science,Sociology Research Network,Sociology Education eJournal,https://papers.ssrn.com/sol3/JELJOUR_Results.cfm?form_name=journalBrowse&journal_id=3797851&page=1
Social Science,Sociology Research Network,Sociology of Crime & Deviance eJournal,https://papers.ssrn.com/sol3/JELJOUR_Results.cfm?form_name=journalBrowse&journal_id=3797856&page=1
Social Science,Sociology Research Network,Sociology of Gender eJournal,https://papers.ssrn.com/sol3/JELJOUR_Results.cfm?form_name=journalBrowse&journal_id=3797888&page=1
Social Science,Sociology Research Network,Sociology of Law eJournal,https://papers.ssrn.com/sol3/JELJOUR_Results.cfm?form_name=journalBrowse&journal_id=3797858&page=1
Social Science,Sociology Research Network,Sociology of Media & Technology eJournal,https://papers.ssrn.com/sol3/JELJOUR_Results.cfm?form_name=journalBrowse&journal_id=3797904&page=1
Social Science,Sociology Research Network,Sociology of Migration & Immigration eJournal,https://papers.ssrn.com/sol3/JELJOUR_Results.cfm?form_name=journalBrowse&journal_id=3797900&page=1
Social Science,Sociology Research Network,Sociology of Religion eJournal,https://papers.ssrn.com/sol3/JELJOUR_Results.cfm?form_name=journalBrowse&journal_id=3797941&page=1
Social Science,Sustainability Research & Policy Network,SRPN Conferences & Meetings,https://papers.ssrn.com/sol3/JELJOUR_Results.cfm?form_name=journalBrowse&journal_id=1949351&page=1
Social Science,Sustainability Research & Policy Network,SRPN Partners in Publishing Journals,https://papers.ssrn.com/sol3/JELJOUR_Results.cfm?form_name=journalBrowse&journal_id=1949354&page=1
Social Science,Sustainability Research & Policy Network,Sustainability Research Centers Papers,https://papers.ssrn.com/sol3/JELJOUR_Results.cfm?form_name=journalBrowse&journal_id=1949356&page=1
Social Science,Sustainability Research & Policy Network,Biology & Sustainability eJournal,https://papers.ssrn.com/sol3/JELJOUR_Results.cfm?form_name=journalBrowse&journal_id=2878646&page=1
Social Science,Sustainability Research & Policy Network,Built Environment eJournal,https://papers.ssrn.com/sol3/JELJOUR_Results.cfm?form_name=journalBrowse&journal_id=1959003&page=1
Social Science,Sustainability Research & Policy Network,Consumer Social Responsibility eJournal,https://papers.ssrn.com/sol3/JELJOUR_Results.cfm?form_name=journalBrowse&journal_id=2001562&page=1
Social Science,Sustainability Research & Policy Network,Corporate Social Responsibility (CSR) eJournal,https://papers.ssrn.com/sol3/JELJOUR_Results.cfm?form_name=journalBrowse&journal_id=1959334&page=1
Social Science,Sustainability Research & Policy Network,CSR & Management Practice eJournal,https://papers.ssrn.com/sol3/JELJOUR_Results.cfm?form_name=journalBrowse&journal_id=2001596&page=1
Social Science,Sustainability Research & Policy Network,Employee Social Responsibility & HR Practices eJournal,https://papers.ssrn.com/sol3/JELJOUR_Results.cfm?form_name=journalBrowse&journal_id=2001607&page=1
Social Science,Sustainability Research & Policy Network,"Environmental, Social & Governance (ESG) Research Hub eJournal",https://papers.ssrn.com/sol3/JELJOUR_Results.cfm?form_name=journalBrowse&journal_id=4173517&page=1
Social Science,Sustainability Research & Policy Network,Food Industry eJournal,https://papers.ssrn.com/sol3/JELJOUR_Results.cfm?form_name=journalBrowse&journal_id=1959132&page=1
Social Science,Sustainability Research & Policy Network,Food Politics & Sociology eJournal,https://papers.ssrn.com/sol3/JELJOUR_Results.cfm?form_name=journalBrowse&journal_id=1959145&page=1
Social Science,Sustainability Research & Policy Network,Human Rights & the Corporation eJournal,https://papers.ssrn.com/sol3/JELJOUR_Results.cfm?form_name=journalBrowse&journal_id=2001664&page=1
Social Science,Sustainability Research & Policy Network,Investment & Social Responsibility eJournal,https://papers.ssrn.com/sol3/JELJOUR_Results.cfm?form_name=journalBrowse&journal_id=2001669&page=1
Social Science,Sustainability Research & Policy Network,"Law, International Affairs & CSR eJournal",https://papers.ssrn.com/sol3/JELJOUR_Results.cfm?form_name=journalBrowse&journal_id=2001670&page=1
Social Science,Sustainability Research & Policy Network,NGO & Non-Profit Organizations eJournal,https://papers.ssrn.com/sol3/JELJOUR_Results.cfm?form_name=journalBrowse&journal_id=2001695&page=1
Social Science,Sustainability Research & Policy Network,Nuclear Energy (Sustainability) eJournal,https://papers.ssrn.com/sol3/JELJOUR_Results.cfm?form_name=journalBrowse&journal_id=1958948&page=1
Social Science,Sustainability Research & Policy Network,Politics & Energy eJournal,https://papers.ssrn.com/sol3/JELJOUR_Results.cfm?form_name=journalBrowse&journal_id=1957318&page=1
Social Science,Sustainability Research & Policy Network,Pollution eJournal,https://papers.ssrn.com/sol3/JELJOUR_Results.cfm?form_name=journalBrowse&journal_id=1954128&page=1
Social Science,Sustainability Research & Policy Network,Renewable Energy eJournal,https://papers.ssrn.com/sol3/JELJOUR_Results.cfm?form_name=journalBrowse&journal_id=1958976&page=1
Social Science,Sustainability Research & Policy Network,Social Innovation eJournal,https://papers.ssrn.com/sol3/JELJOUR_Results.cfm?form_name=journalBrowse&journal_id=2001696&page=1
Social Science,Sustainability Research & Policy Network,Social Responsibility in Production & Supply Chain Management eJournal,https://papers.ssrn.com/sol3/JELJOUR_Results.cfm?form_name=journalBrowse&journal_id=2001704&page=1
Social Science,Sustainability Research & Policy Network,Socially Responsible Investment eJournal,https://papers.ssrn.com/sol3/JELJOUR_Results.cfm?form_name=journalBrowse&journal_id=1959162&page=1
Social Science,Sustainability Research & Policy Network,Stakeholder Management & Stakeholder Responsibilities eJournal,https://papers.ssrn.com/sol3/JELJOUR_Results.cfm?form_name=journalBrowse&journal_id=2001713&page=1
Social Science,Sustainability Research & Policy Network,Sustainability & Economics eJournal,https://papers.ssrn.com/sol3/JELJOUR_Results.cfm?form_name=journalBrowse&journal_id=1959207&page=1
Social Science,Sustainability Research & Policy Network,Sustainability at Work eJournal,https://papers.ssrn.com/sol3/JELJOUR_Results.cfm?form_name=journalBrowse&journal_id=1959350&page=1
Social Science,Sustainability Research & Policy Network,Sustainable Investments eJournal,https://papers.ssrn.com/sol3/JELJOUR_Results.cfm?form_name=journalBrowse&journal_id=4058848&page=1
Social Science,Sustainability Research & Policy Network,Sustainable Technology eJournal,https://papers.ssrn.com/sol3/JELJOUR_Results.cfm?form_name=journalBrowse&journal_id=1959388&page=1
Social Science,Sustainability Research & Policy Network,Sustainable Transport eJournal,https://papers.ssrn.com/sol3/JELJOUR_Results.cfm?form_name=journalBrowse&journal_id=1959171&page=1
Social Science,Sustainability Research & Policy Network,Urban & Regional Resilience eJournal,https://papers.ssrn.com/sol3/JELJOUR_Results.cfm?form_name=journalBrowse&journal_id=2667903&page=1
Social Science,Sustainability Research & Policy Network,Urban Research eJournal,https://papers.ssrn.com/sol3/JELJOUR_Results.cfm?form_name=journalBrowse&journal_id=2138960&page=1
Social Science,Sustainability Research & Policy Network,Waste eJournal,https://papers.ssrn.com/sol3/JELJOUR_Results.cfm?form_name=journalBrowse&journal_id=1957280&page=1
Social Science,Sustainability Research & Policy Network,Water Sustainability eJournal,https://papers.ssrn.com/sol3/JELJOUR_Results.cfm?form_name=journalBrowse&journal_id=1958984&page=1
Social Science,Womens & Gender Studies Research Network  ,WGSRN First Look,https://papers.ssrn.com/sol3/JELJOUR_Results.cfm?form_name=journalBrowse&journal_id=3175136&page=1
Social Science,Womens & Gender Studies Research Network  ,Womens & Gender Studies Research Centers Papers,https://papers.ssrn.com/sol3/JELJOUR_Results.cfm?form_name=journalBrowse&journal_id=3034514&page=1
Social Science,Womens & Gender Studies Research Network  ,WGSRN Subject Matter eJournals,https://papers.ssrn.com/sol3/JELJOUR_Results.cfm?form_name=journalBrowse&journal_id=948117&page=1
